{
    "name": "root",
    "metadata": {
        "timer_format_version": "0.1.0",
        "start_time_seconds": "1664239965",
        "python_version": "3.7.9 (tags/v3.7.9:13c94747c7, Aug 17 2020, 18:58:18) [MSC v.1900 64 bit (AMD64)]",
        "command_line_arguments": "C:\\Users\\Josh\\Desktop\\UnityGames\\Bonkers\\venv\\Scripts\\mlagents-learn config/TrainBoundary.yaml --run-id=BoundaryGenerator2",
        "mlagents_version": "0.29.0",
        "mlagents_envs_version": "0.29.0",
        "communication_protocol_version": "1.5.0",
        "pytorch_version": "1.12.1+cu116",
        "numpy_version": "1.21.2",
        "end_time_seconds": "1664240109"
    },
    "total": 144.1594808,
    "count": 1,
    "self": 0.005053000000003749,
    "children": {
        "run_training.setup": {
            "total": 0.07365120000000003,
            "count": 1,
            "self": 0.07365120000000003
        },
        "TrainerController.start_learning": {
            "total": 144.0807766,
            "count": 1,
            "self": 0.06691299999982903,
            "children": {
                "TrainerController._reset_env": {
                    "total": 9.022352,
                    "count": 1,
                    "self": 8.744004800000003,
                    "children": {
                        "demo_to_buffer": {
                            "total": 0.27834719999999713,
                            "count": 2,
                            "self": 4.5099999997688656e-05,
                            "children": {
                                "load_demonstration": {
                                    "total": 0.00322309999999959,
                                    "count": 2,
                                    "self": 0.0031417999999998614,
                                    "children": {
                                        "read_file": {
                                            "total": 8.129999999972881e-05,
                                            "count": 2,
                                            "self": 8.129999999972881e-05
                                        }
                                    }
                                },
                                "make_demo_buffer": {
                                    "total": 0.27507899999999985,
                                    "count": 2,
                                    "self": 0.051860400000025564,
                                    "children": {
                                        "steps_from_proto": {
                                            "total": 0.2232185999999743,
                                            "count": 1920,
                                            "self": 0.164843599999978,
                                            "children": {
                                                "_process_rank_one_or_two_observation": {
                                                    "total": 0.05837499999999629,
                                                    "count": 3840,
                                                    "self": 0.05837499999999629
                                                }
                                            }
                                        }
                                    }
                                }
                            }
                        }
                    }
                },
                "TrainerController.advance": {
                    "total": 134.81819310000017,
                    "count": 4364,
                    "self": 0.06403229999989435,
                    "children": {
                        "env_step": {
                            "total": 101.45149970000006,
                            "count": 4364,
                            "self": 94.92127940000009,
                            "children": {
                                "SubprocessEnvManager._take_step": {
                                    "total": 6.49079959999969,
                                    "count": 4364,
                                    "self": 0.09783649999978117,
                                    "children": {
                                        "TorchPolicy.evaluate": {
                                            "total": 6.392963099999909,
                                            "count": 2241,
                                            "self": 2.0524362000002547,
                                            "children": {
                                                "TorchPolicy.sample_actions": {
                                                    "total": 4.340526899999654,
                                                    "count": 2241,
                                                    "self": 4.340526899999654
                                                }
                                            }
                                        }
                                    }
                                },
                                "workers": {
                                    "total": 0.03942070000027442,
                                    "count": 4363,
                                    "self": 0.0,
                                    "children": {
                                        "worker_root": {
                                            "total": 74.73707449999976,
                                            "count": 4363,
                                            "is_parallel": true,
                                            "self": 43.59376330000023,
                                            "children": {
                                                "steps_from_proto": {
                                                    "total": 0.00035879999999899326,
                                                    "count": 1,
                                                    "is_parallel": true,
                                                    "self": 0.0001860999999987456,
                                                    "children": {
                                                        "_process_rank_one_or_two_observation": {
                                                            "total": 0.00017270000000024766,
                                                            "count": 2,
                                                            "is_parallel": true,
                                                            "self": 0.00017270000000024766
                                                        }
                                                    }
                                                },
                                                "UnityEnvironment.step": {
                                                    "total": 31.142952399999537,
                                                    "count": 4363,
                                                    "is_parallel": true,
                                                    "self": 0.300766099998917,
                                                    "children": {
                                                        "UnityEnvironment._generate_step_input": {
                                                            "total": 0.16986960000041584,
                                                            "count": 4363,
                                                            "is_parallel": true,
                                                            "self": 0.16986960000041584
                                                        },
                                                        "communicator.exchange": {
                                                            "total": 29.885859600000174,
                                                            "count": 4363,
                                                            "is_parallel": true,