{
    "name": "root",
    "gauges": {
        "ContentGenerator.Policy.Entropy.mean": {
            "value": 0.16115082800388336,
            "min": 0.14449751377105713,
            "max": 1.482382893562317,
            "count": 10
        },
        "ContentGenerator.Policy.Entropy.sum": {
            "value": 1611.18603515625,
            "min": 1442.229736328125,
            "max": 14906.841796875,
            "count": 10
        },
        "ContentGenerator.Environment.EpisodeLength.mean": {
            "value": 12.80939226519337,
            "min": 12.720164609053498,
            "max": 13.486956521739131,
            "count": 10
        },
        "ContentGenerator.Environment.EpisodeLength.sum": {
            "value": 9274.0,
            "min": 9273.0,
            "max": 9306.0,
            "count": 10
        },
        "ContentGenerator.Step.mean": {
            "value": 99992.0,
            "min": 9992.0,
            "max": 99992.0,
            "count": 10
        },
        "ContentGenerator.Step.sum": {
            "value": 99992.0,
            "min": 9992.0,
            "max": 99992.0,
            "count": 10
        },
        "ContentGenerator.Policy.ExtrinsicValueEstimate.mean": {
            "value": 15.34334659576416,
            "min": -6.411195278167725,
            "max": 15.34334659576416,
            "count": 10
        },
        "ContentGenerator.Policy.ExtrinsicValueEstimate.sum": {
            "value": 11108.5830078125,
            "min": -4551.94873046875,
            "max": 11108.5830078125,
            "count": 10
        },
        "ContentGenerator.Policy.GailValueEstimate.mean": {
            "value": 0.1272980123758316,
            "min": 0.1272980123758316,
            "max": 0.889276921749115,
            "count": 10
        },
        "ContentGenerator.Policy.GailValueEstimate.sum": {
            "value": 92.16375732421875,
            "min": 92.16375732421875,
            "max": 633.1651611328125,
            "count": 10
        },
        "ContentGenerator.Environment.CumulativeReward.mean": {
            "value": 79.6657458563536,
            "min": -40.359154929577464,
            "max": 79.6657458563536,
            "count": 10
        },
        "ContentGenerator.Environment.CumulativeReward.sum": {
            "value": 57678.0,
            "min": -28655.0,
            "max": 57678.0,
            "count": 10
        },
        "ContentGenerator.Policy.ExtrinsicReward.mean": {
            "value": 15.933149627559093,
            "min": -8.071830905323298,
            "max": 15.933149627559093,
            "count": 10
        },
        "ContentGenerator.Policy.ExtrinsicReward.sum": {
            "value": 11535.600330352783,
            "min": -5730.999942779541,
            "max": 11535.600330352783,
            "count": 10
        },
        "ContentGenerator.Policy.GailReward.mean": {
            "value": 0.3803591347860368,
            "min": 0.3803591347860368,
            "max": 1.6040697170191267,
            "count": 10
        },
        "ContentGenerator.Policy.GailReward.sum": {
            "value": 275.38001358509064,
            "min": 275.38001358509064,
            "max": 1142.0976385176182,
            "count": 10
        },
        "ContentGenerator.Losses.PolicyLoss.mean": {
            "value": 0.24820169488182767,
            "min": 0.23429809308108376,
            "max": 0.24940707659299105,
            "count": 10
        },
        "ContentGenerator.Losses.PolicyLoss.sum": {
            "value": 22.58635423424632,
            "min": 21.321126470378623,
            "max": 22.58635423424632,
            "count": 10
        },
        "ContentGenerator.Losses.ValueLoss.mean": {
            "value": 35.31304871984281,
            "min": 13.758364761165065,
            "max": 84.74232022445392,
            "count": 10
        },
        "ContentGenerator.Losses.ValueLoss.sum": {
            "value": 3213.4874335056957,
            "min": 1252.0111932660209,
            "max": 7542.066499976399,
            "count": 10
        },
        "ContentGenerator.Policy.LearningRate.mean": {
            "value": 1.4932908209208789e-05,
            "min": 1.4932908209208789e-05,
            "max": 0.0002847417354231685,
            "count": 10
        },
        "ContentGenerator.Policy.LearningRate.sum": {
            "value": 0.0013588946470379998,
            "min": 0.0013588946470379998,
            "max": 0.025342014452661998,
            "count": 10
        },
        "ContentGenerator.Policy.Epsilon.mean": {
            "value": 0.10497760439560438,
            "min": 0.10497760439560438,
            "max": 0.19491391011235956,
            "count": 10
        },
        "ContentGenerator.Policy.Epsilon.sum": {
            "value": 9.552961999999999,
            "min": 9.552961999999999,
            "max": 17.347338,
            "count": 10
        },
        "ContentGenerator.Policy.Beta.mean": {
            "value": 0.0005000000000000001,
            "min": 0.0005000000000000001,
            "max": 0.0005000000000000001,
            "count": 10
        },
        "ContentGenerator.Policy.Beta.sum": {
            "value": 0.04550000000000001,
            "min": 0.04450000000000001,
            "max": 0.046500000000000014,
            "count": 10
        },
        "ContentGenerator.Policy.GAILPolicyEstimate.mean": {
            "value": 0.11726396426017947,
            "min": 0.11726396426017947,
            "max": 0.3884237293074845,
            "count": 10
        },
        "ContentGenerator.Policy.GAILPolicyEstimate.sum": {
            "value": 10.671020747676332,
            "min": 10.671020747676332,
            "max": 34.569711908366116,
            "count": 10
        },
        "ContentGenerator.Policy.GAILExpertEstimate.mean": {
            "value": 0.8901714468853609,
            "min": 0.6317466161196793,
            "max": 0.8901714468853609,
            "count": 10
        },
        "ContentGenerator.Policy.GAILExpertEstimate.sum": {
            "value": 81.00560166656784,
            "min": 56.22544883465146,
            "max": 81.22462595192471,
            "count": 10
        },
        "ContentGenerator.Losses.GAILLoss.mean": {
            "value": 0.2759213970870536,
            "min": 0.2759213970870536,
            "max": 1.0493604593752717,
            "count": 10
        },
        "ContentGenerator.Losses.GAILLoss.sum": {
            "value": 25.108847134921877,
            "min": 25.108847134921877,
            "max": 93.39308088439918,
            "count": 10
        },
        "ContentGenerator.Policy.GAILGradMagLoss.mean": {
            "value": 0.0674493117802228,
            "min": 0.0674493117802228,
            "max": 0.49275683018351496,
            "count": 10
        },
        "ContentGenerator.Policy.GAILGradMagLoss.sum": {
            "value": 6.137887372000275,
            "min": 6.137887372000275,
            "max": 43.85535788633283,
            "count": 10
        },
        "ContentGenerator.Losses.PretrainingLoss.mean": {
            "value": 4.594206688421468e-06,
            "min": 4.594206688421468e-06,
            "max": 0.30981588505517976,
            "count": 10
        },
        "ContentGenerator.Losses.PretrainingLoss.sum": {
            "value": 0.00041807280864635356,
            "min": 0.00041807280864635356,
            "max": 27.573613769911,
            "count": 10
        },
        "ContentGenerator.IsTraining.mean": {
            "value": 1.0,
            "min": 1.0,
            "max": 1.0,
            "count": 10
        },
        "ContentGenerator.IsTraining.sum": {
            "value": 1.0,
            "min": 1.0,
            "max": 1.0,
            "count": 10
        }
    },
    "metadata": {
        "timer_format_version": "0.1.0",
        "start_time_seconds": "1663744966",
        "python_version": "3.7.9 (tags/v3.7.9:13c94747c7, Aug 17 2020, 18:58:18) [MSC v.1900 64 bit (AMD64)]",