{
    "name": "root",
    "gauges": {
        "ContentGenerator.Policy.Entropy.mean": {
            "value": 1.1727958917617798,
            "min": 1.1569442749023438,
            "max": 2.9134676456451416,
            "count": 28
        },
        "ContentGenerator.Policy.Entropy.sum": {
            "value": 23424.251953125,
            "min": 22988.482421875,
            "max": 59053.078125,
            "count": 28
        },
        "ContentGenerator.Environment.EpisodeLength.mean": {
            "value": 52.66219839142091,
            "min": 38.00389105058366,
            "max": 56.00284090909091,
            "count": 28
        },
        "ContentGenerator.Environment.EpisodeLength.sum": {
            "value": 19643.0,
            "min": 19534.0,
            "max": 19718.0,
            "count": 28
        },
        "ContentGenerator.Step.mean": {
            "value": 559927.0,
            "min": 19966.0,
            "max": 559927.0,
            "count": 28
        },
        "ContentGenerator.Step.sum": {
            "value": 559927.0,
            "min": 19966.0,
            "max": 559927.0,
            "count": 28
        },
        "ContentGenerator.Policy.ExtrinsicValue.mean": {
            "value": 1.165091633796692,
            "min": 1.1483443975448608,
            "max": 9.375364303588867,
            "count": 28
        },
        "ContentGenerator.Policy.ExtrinsicValue.sum": {
            "value": 434.57916259765625,
            "min": 414.5523376464844,
            "max": 3403.25732421875,
            "count": 28
        },
        "ContentGenerator.Environment.CumulativeReward.mean": {
            "value": 1.9652667288486183,
            "min": 0.5657311047029774,
            "max": 1.9742188384328192,
            "count": 28
        },
        "ContentGenerator.Environment.CumulativeReward.sum": {
            "value": 733.0444898605347,
            "min": 290.2200567126274,
            "max": 751.6117235422134,
            "count": 28
        },
        "ContentGenerator.Policy.ExtrinsicReward.mean": {
            "value": 1.9652667288486183,
            "min": 0.5657311047029774,
            "max": 1.9742188384328192,
            "count": 28
        },
        "ContentGenerator.Policy.ExtrinsicReward.sum": {
            "value": 733.0444898605347,
            "min": 290.2200567126274,
            "max": 751.6117235422134,
            "count": 28
        },
        "ContentGenerator.Losses.PolicyLoss.mean": {
            "value": -1.9573262404041152,
            "min": -20.098590288066866,
            "max": -1.8987733249960461,
            "count": 28
        },
        "ContentGenerator.Losses.PolicyLoss.sum": {
            "value": -1963.1982191253276,
            "min": -20098.590288066865,
            "max": -1894.975778346054,
            "count": 28
        },
        "ContentGenerator.Losses.ValueLoss.mean": {
            "value": 0.0010618465337397013,
            "min": 0.0010618465337397013,
            "max": 0.09448123854214323,
            "count": 28
        },
        "ContentGenerator.Losses.ValueLoss.sum": {
            "value": 1.0650320733409204,
            "min": 1.0650320733409204,
            "max": 94.29227606505894,
            "count": 28
        },
        "ContentGenerator.Losses.Q1Loss.mean": {
            "value": 0.000997796056011377,
            "min": 0.000937493860449535,
            "max": 0.22649238110626987,
            "count": 28
        },
        "ContentGenerator.Losses.Q1Loss.sum": {
            "value": 1.0007894441794112,
            "min": 0.9337438850077369,
            "max": 226.96979918045304,
            "count": 28
        },
        "ContentGenerator.Losses.Q2Loss.mean": {
            "value": 0.0008440441096959583,
            "min": 0.0008440441096959583,
            "max": 0.21032647037531144,
            "count": 28
        },
        "ContentGenerator.Losses.Q2Loss.sum": {
            "value": 0.8465762420250462,
            "min": 0.8465762420250462,
            "max": 209.4851644938102,
            "count": 28
        },
        "ContentGenerator.Policy.DiscreteEntropyCoeff.mean": {
            "value": 0.0030549030194942737,
            "min": 0.0030549030194942737,
            "max": 0.6865684328515977,
            "count": 28
        },
        "ContentGenerator.Policy.DiscreteEntropyCoeff.sum": {
            "value": 3.0640677285527564,
            "min": 3.0623689042213043,
            "max": 685.1952959858945,
            "count": 28
        },
        "ContentGenerator.Policy.ContinuousEntropyCoeff.mean": {
            "value": 0.800000011920929,
            "min": 0.800000011920929,
            "max": 0.800000011920929,
            "count": 28
        },
        "ContentGenerator.Policy.ContinuousEntropyCoeff.sum": {
            "value": 802.4000119566917,
            "min": 796.8000118732452,
            "max": 804.0000119805336,
            "count": 28
        },
        "ContentGenerator.Policy.LearningRate.mean": {
            "value": 0.0002999999999999999,
            "min": 0.0002999999999999999,
            "max": 0.00030000000000000003,
            "count": 28
        },
        "ContentGenerator.Policy.LearningRate.sum": {
            "value": 0.30089999999999995,
            "min": 0.29879999999999995,
            "max": 0.3015,
            "count": 28
        },
        "ContentGenerator.IsTraining.mean": {
            "value": 1.0,
            "min": 1.0,
            "max": 1.0,
            "count": 28
        },
        "ContentGenerator.IsTraining.sum": {
            "value": 1.0,
            "min": 1.0,
            "max": 1.0,
            "count": 28
        }
    },
    "metadata": {
        "timer_format_version": "0.1.0",
        "start_time_seconds": "1663902846",
        "python_version": "3.7.9 (tags/v3.7.9:13c94747c7, Aug 17 2020, 18:58:18) [MSC v.1900 64 bit (AMD64)]",
        "command_line_arguments": "C:\\Users\\Josh\\Desktop\\UnityGames\\Bonkers\\venv\\Scripts\\mlagents-learn config/generator1.yaml --initialize-from=Generator18 --run-id=Generator19",
        "mlagents_version": "0.29.0",
        "mlagents_envs_version": "0.29.0",
        "communication_protocol_version": "1.5.0",
        "pytorch_version": "1.12.1+cu116",
        "numpy_version": "1.21.2",
        "end_time_seconds": "1663905656"
    },
    "total": 2810.235191,
    "count": 1,
    "self": 0.004486000000269996,
    "children": {
        "run_training.setup": {
            "total": 0.06356539999999988,
            "count": 1,
            "self": 0.06356539999999988
        },
        "TrainerController.start_learning": {
            "total": 2810.1671396,
            "count": 1,
            "self": 2.3227593999922647,
            "children": {
                "TrainerController._reset_env": {
                    "total": 45.7556012,
                    "count": 1,
                    "self": 45.7556012
                },
                "TrainerController.advance": {
                    "total": 2761.956595900008,
                    "count": 153147,
                    "self": 2.4369528999395698,
                    "children": {
                        "env_step": {
                            "total": 1597.1263729999814,
                            "count": 153147,
                            "self": 1202.2995474999302,
                            "children": {
                                "SubprocessEnvManager._take_step": {
                                    "total": 393.2960818000165,
                                    "count": 153147,
                                    "self": 5.775733199942522,
                                    "children": {
                                        "TorchPolicy.evaluate": {
                                            "total": 387.520348600074,
                                            "count": 142968,
                                            "self": 128.2241646000865,