{
    "name": "root",
    "gauges": {
        "ContentGenerator.Policy.Entropy.mean": {
            "value": 0.05900150537490845,
            "min": 0.04652554541826248,
            "max": 1.0319682359695435,
            "count": 6
        },
        "ContentGenerator.Policy.Entropy.sum": {
            "value": 598.0392456054688,
            "min": 468.3726806640625,
            "max": 10563.2265625,
            "count": 6
        },
        "ContentGenerator.Environment.EpisodeLength.mean": {
            "value": 54.30386740331492,
            "min": 53.37837837837838,
            "max": 56.369942196531795,
            "count": 6
        },
        "ContentGenerator.Environment.EpisodeLength.sum": {
            "value": 9829.0,
            "min": 9699.0,
            "max": 9971.0,
            "count": 6
        },
        "ContentGenerator.Step.mean": {
            "value": 59999.0,
            "min": 9998.0,
            "max": 59999.0,
            "count": 6
        },
        "ContentGenerator.Step.sum": {
            "value": 59999.0,
            "min": 9998.0,
            "max": 59999.0,
            "count": 6
        },
        "ContentGenerator.Policy.ExtrinsicValueEstimate.mean": {
            "value": -2356.197021484375,
            "min": -2451.559326171875,
            "max": 1028.6614990234375,
            "count": 6
        },
        "ContentGenerator.Policy.ExtrinsicValueEstimate.sum": {
            "value": -603186.4375,
            "min": -622004.9375,
            "max": 256136.71875,
            "count": 6
        },
        "ContentGenerator.Policy.GailValueEstimate.mean": {
            "value": 1.2054201364517212,
            "min": 1.2054201364517212,
            "max": 6.291121006011963,
            "count": 6
        },
        "ContentGenerator.Policy.GailValueEstimate.sum": {
            "value": 308.5875549316406,
            "min": 308.5875549316406,
            "max": 1566.4891357421875,
            "count": 6
        },
        "ContentGenerator.Environment.CumulativeReward.mean": {
            "value": -5635.544444444445,
            "min": -5980.966480446928,
            "max": 4428.732558139535,
            "count": 6
        },
        "ContentGenerator.Environment.CumulativeReward.sum": {
            "value": -1014398.0,
            "min": -1070593.0,
            "max": 761742.0,
            "count": 6
        },
        "ContentGenerator.Policy.ExtrinsicReward.mean": {
            "value": -5635.544444444445,
            "min": -5980.966480446928,
            "max": 4428.732558139535,
            "count": 6
        },
        "ContentGenerator.Policy.ExtrinsicReward.sum": {
            "value": -1014398.0,
            "min": -1070593.0,
            "max": 761742.0,
            "count": 6
        },
        "ContentGenerator.Policy.GailReward.mean": {
            "value": 4.809878638143548,
            "min": 4.809878638143548,
            "max": 12.477803729515324,
            "count": 6
        },
        "ContentGenerator.Policy.GailReward.sum": {
            "value": 865.7781548658386,
            "min": 865.7781548658386,
            "max": 2146.1822414766357,
            "count": 6
        },
        "ContentGenerator.Losses.PolicyLoss.mean": {
            "value": 0.24526460352792895,
            "min": 0.23818901837222692,
            "max": 0.24861180188843773,
            "count": 6
        },
        "ContentGenerator.Losses.PolicyLoss.sum": {
            "value": 19.621168282234315,
            "min": 18.89449694352127,
            "max": 19.621168282234315,
            "count": 6
        },
        "ContentGenerator.Losses.ValueLoss.mean": {
            "value": 26075.752797965688,
            "min": 7480.63205294497,
            "max": 146736620.4562502,
            "count": 6
        },
        "ContentGenerator.Losses.ValueLoss.sum": {
            "value": 2086060.223837255,
            "min": 583489.3001297077,
            "max": 11151983154.675014,
            "count": 6
        },
        "ContentGenerator.Policy.LearningRate.mean": {
            "value": 0.00013501651749451253,
            "min": 0.00013501651749451253,
            "max": 0.000284385834152092,
            "count": 6
        },
        "ContentGenerator.Policy.LearningRate.sum": {
            "value": 0.010801321399561001,
            "min": 0.010801321399561001,
            "max": 0.021613323395558992,
            "count": 6
        },
        "ContentGenerator.Policy.Epsilon.mean": {
            "value": 0.14500548750000003,
            "min": 0.14500548750000003,
            "max": 0.1947952763157895,
            "count": 6
        },
        "ContentGenerator.Policy.Epsilon.sum": {
            "value": 11.600439000000001,
            "min": 11.600439000000001,
            "max": 14.804441000000002,
            "count": 6
        },
        "ContentGenerator.Policy.Beta.mean": {
            "value": 0.0005000000000000001,
            "min": 0.0005000000000000001,
            "max": 0.0005000000000000001,
            "count": 6
        },
        "ContentGenerator.Policy.Beta.sum": {
            "value": 0.04000000000000001,
            "min": 0.038000000000000006,
            "max": 0.04000000000000001,
            "count": 6
        },
        "ContentGenerator.Policy.GAILPolicyEstimate.mean": {
            "value": 0.14454935474648184,
            "min": 0.14454935474648184,
            "max": 0.2599484336792863,
            "count": 6
        },
        "ContentGenerator.Policy.GAILPolicyEstimate.sum": {
            "value": 11.563948379718546,
            "min": 11.563948379718546,
            "max": 19.756080959625756,
            "count": 6
        },
        "ContentGenerator.Policy.GAILExpertEstimate.mean": {
            "value": 0.9057440672912673,
            "min": 0.7827743855493027,
            "max": 0.9057440672912673,
            "count": 6
        },
        "ContentGenerator.Policy.GAILExpertEstimate.sum": {
            "value": 72.45952538330138,
            "min": 59.490853301747,
            "max": 72.45952538330138,
            "count": 6
        },
        "ContentGenerator.Losses.GAILLoss.mean": {
            "value": 0.27991482755608077,
            "min": 0.27991482755608077,
            "max": 0.5964613055911057,
            "count": 6
        },
        "ContentGenerator.Losses.GAILLoss.sum": {
            "value": 22.39318620448646,
            "min": 22.39318620448646,
            "max": 45.33105922492403,
            "count": 6
        },
        "ContentGenerator.Policy.GAILGradMagLoss.mean": {
            "value": 0.09495374043799823,
            "min": 0.09495374043799823,
            "max": 0.644756330577609,
            "count": 6
        },
        "ContentGenerator.Policy.GAILGradMagLoss.sum": {
            "value": 7.596299235039859,
            "min": 7.596299235039859,
            "max": 49.00148112389828,
            "count": 6
        },
        "ContentGenerator.Losses.PretrainingLoss.mean": {
            "value": 0.00010676767651981813,
            "min": 0.00010676767651981813,
            "max": 0.41123341825134563,
            "count": 6
        },
        "ContentGenerator.Losses.PretrainingLoss.sum": {
            "value": 0.00854141412158545,
            "min": 0.00854141412158545,
            "max": 31.25373978710227,
            "count": 6
        },
        "ContentGenerator.IsTraining.mean": {
            "value": 1.0,
            "min": 1.0,
            "max": 1.0,
            "count": 6
        },
        "ContentGenerator.IsTraining.sum": {
            "value": 1.0,
            "min": 1.0,
            "max": 1.0,
            "count": 6
        }
    },
    "metadata": {
        "timer_format_version": "0.1.0",
        "start_time_seconds": "1663319778",
        "python_version": "3.7.9 (tags/v3.7.9:13c94747c7, Aug 17 2020, 18:58:18) [MSC v.1900 64 bit (AMD64)]",