{
    "name": "root",
    "gauges": {
        "ContentGenerator.Policy.Entropy.mean": {
            "value": 0.21381928026676178,
            "min": 0.21381928026676178,
            "max": 1.3180521726608276,
            "count": 2
        },
        "ContentGenerator.Policy.Entropy.sum": {
            "value": 2140.1171875,
            "min": 2140.1171875,
            "max": 13272.78515625,
            "count": 2
        },
        "ContentGenerator.Environment.EpisodeLength.mean": {
            "value": 13.141043723554303,
            "min": 12.909596662030598,
            "max": 13.141043723554303,
            "count": 2
        },
        "ContentGenerator.Environment.EpisodeLength.sum": {
            "value": 9317.0,
            "min": 9282.0,
            "max": 9317.0,
            "count": 2
        },
        "ContentGenerator.Step.mean": {
            "value": 19999.0,
            "min": 9982.0,
            "max": 19999.0,
            "count": 2
        },
        "ContentGenerator.Step.sum": {
            "value": 19999.0,
            "min": 9982.0,
            "max": 19999.0,
            "count": 2
        },
        "ContentGenerator.Policy.ExtrinsicValueEstimate.mean": {
            "value": -85.17252349853516,
            "min": -85.17252349853516,
            "max": -65.16481018066406,
            "count": 2
        },
        "ContentGenerator.Policy.ExtrinsicValueEstimate.sum": {
            "value": -60302.1484375,
            "min": -60302.1484375,
            "max": -46788.3359375,
            "count": 2
        },
        "ContentGenerator.Policy.GailValueEstimate.mean": {
            "value": 1.8570764064788818,
            "min": 1.8570764064788818,
            "max": 3.580034017562866,
            "count": 2
        },
        "ContentGenerator.Policy.GailValueEstimate.sum": {
            "value": 1314.81005859375,
            "min": 1314.81005859375,
            "max": 2570.46435546875,
            "count": 2
        },
        "ContentGenerator.Environment.CumulativeReward.mean": {
            "value": -88.73305084745763,
            "min": -88.73305084745763,
            "max": -76.31058495821728,
            "count": 2
        },
        "ContentGenerator.Environment.CumulativeReward.sum": {
            "value": -62823.0,
            "min": -62823.0,
            "max": -54791.0,
            "count": 2
        },
        "ContentGenerator.Policy.ExtrinsicReward.mean": {
            "value": -88.73305084745763,
            "min": -88.73305084745763,
            "max": -76.31058495821728,
            "count": 2
        },
        "ContentGenerator.Policy.ExtrinsicReward.sum": {
            "value": -62823.0,
            "min": -62823.0,
            "max": -54791.0,
            "count": 2
        },
        "ContentGenerator.Policy.GailReward.mean": {
            "value": 4.13141463621188,
            "min": 4.13141463621188,
            "max": 6.565752754636462,
            "count": 2
        },
        "ContentGenerator.Policy.GailReward.sum": {
            "value": 2925.041562438011,
            "min": 2925.041562438011,
            "max": 4714.2104778289795,
            "count": 2
        },
        "ContentGenerator.Losses.PolicyLoss.mean": {
            "value": 0.24270630867713336,
            "min": 0.24270630867713336,
            "max": 0.24421070185709956,
            "count": 2
        },
        "ContentGenerator.Losses.PolicyLoss.sum": {
            "value": 21.843567780942003,
            "min": 21.490541763424762,
            "max": 21.843567780942003,
            "count": 2
        },
        "ContentGenerator.Losses.ValueLoss.mean": {
            "value": 480.34318919130624,
            "min": 480.34318919130624,
            "max": 1507.684361680399,
            "count": 2
        },
        "ContentGenerator.Losses.ValueLoss.sum": {
            "value": 43230.88702721756,
            "min": 43230.88702721756,
            "max": 132676.2238278751,
            "count": 2
        },
        "ContentGenerator.Policy.LearningRate.mean": {
            "value": 0.0002549117150294333,
            "min": 0.0002549117150294333,
            "max": 0.00028473590281530677,
            "count": 2
        },
        "ContentGenerator.Policy.LearningRate.sum": {
            "value": 0.022942054352648997,
            "min": 0.022942054352648997,
            "max": 0.025056759447746997,
            "count": 2
        },
        "ContentGenerator.Policy.Epsilon.mean": {
            "value": 0.18497056666666667,
            "min": 0.18497056666666667,
            "max": 0.19491196590909093,
            "count": 2
        },
        "ContentGenerator.Policy.Epsilon.sum": {
            "value": 16.647351,
            "min": 16.647351,
            "max": 17.152253,
            "count": 2
        },
        "ContentGenerator.Policy.Beta.mean": {
            "value": 0.0005000000000000001,
            "min": 0.0005000000000000001,
            "max": 0.0005000000000000001,
            "count": 2
        },
        "ContentGenerator.Policy.Beta.sum": {
            "value": 0.04500000000000001,
            "min": 0.04400000000000001,
            "max": 0.04500000000000001,
            "count": 2
        },
        "ContentGenerator.Policy.GAILPolicyEstimate.mean": {
            "value": 0.2691006458925017,
            "min": 0.2691006458925017,
            "max": 0.3709782788659457,
            "count": 2
        },
        "ContentGenerator.Policy.GAILPolicyEstimate.sum": {
            "value": 24.219058130325152,
            "min": 24.219058130325152,
            "max": 32.64608854020322,
            "count": 2
        },
        "ContentGenerator.Policy.GAILExpertEstimate.mean": {
            "value": 0.7646419651894405,
            "min": 0.646769308888349,
            "max": 0.7646419651894405,
            "count": 2
        },
        "ContentGenerator.Policy.GAILExpertEstimate.sum": {
            "value": 68.81777686704964,
            "min": 56.91569918217471,
            "max": 68.81777686704964,
            "count": 2
        },
        "ContentGenerator.Losses.GAILLoss.mean": {
            "value": 0.6144015845410365,
            "min": 0.6144015845410365,
            "max": 0.9792587584979838,
            "count": 2
        },
        "ContentGenerator.Losses.GAILLoss.sum": {
            "value": 55.29614260869329,
            "min": 55.29614260869329,
            "max": 86.17477074782258,
            "count": 2
        },
        "ContentGenerator.Policy.GAILGradMagLoss.mean": {
            "value": 0.1360397642188487,
            "min": 0.1360397642188487,
            "max": 0.41270373806584604,
            "count": 2
        },
        "ContentGenerator.Policy.GAILGradMagLoss.sum": {
            "value": 12.243578779696383,
            "min": 12.243578779696383,
            "max": 36.31792894979445,
            "count": 2
        },
        "ContentGenerator.Losses.PretrainingLoss.mean": {
            "value": 0.015529222067081768,
            "min": 0.015529222067081768,
            "max": 0.3131899030535346,
            "count": 2
        },
        "ContentGenerator.Losses.PretrainingLoss.sum": {
            "value": 1.397629986037359,
            "min": 1.397629986037359,
            "max": 27.560711468711048,
            "count": 2
        },
        "ContentGenerator.IsTraining.mean": {
            "value": 1.0,
            "min": 1.0,
            "max": 1.0,
            "count": 2
        },
        "ContentGenerator.IsTraining.sum": {
            "value": 1.0,
            "min": 1.0,
            "max": 1.0,
            "count": 2
        }
    },
    "metadata": {
        "timer_format_version": "0.1.0",
        "start_time_seconds": "1663365640",
        "python_version": "3.7.9 (tags/v3.7.9:13c94747c7, Aug 17 2020, 18:58:18) [MSC v.1900 64 bit (AMD64)]",
        "command_line_arguments": "C:\\Users\\stewa\\Desktop\\Unity\\Repos\\Bonkers\\venv\\Scripts\\mlagents-learn config/generator.yaml --run-id=Generator1",